{
	"class_name" : "PinholeCameraParameters",
	"extrinsic" : 
	[
		-0.061096346100949286,
		0.96370436232901269,
		-0.25988678019696237,
		0.0,
		-0.02238411599815205,
		0.25898481959503056,
		0.96562198326794058,
		0.0,
		0.99788084852055081,
		0.06481331072673821,
		0.0057486440614278747,
		0.0,
		-1.935608801141129,
		-1.9092479204173967,
		0.69880122673839462,
		1.0
	],
	"intrinsic" : 
	{
		"height" : 1080,
		"intrinsic_matrix" : 
		[
			935.30743608719376,
			0.0,
			0.0,
			0.0,
			935.30743608719376,
			0.0,
			959.5,
			539.5,
			1.0
		],
		"width" : 1920
	},
	"version_major" : 1,
	"version_minor" : 0
}